,timestamp,dev_sn,cartridge_id,battery_charge,battery_voltage,volumetric_flowrate,sampled_volume,pump_v,plantower_pm25,pump_rh,pump_t,atmo_rho,pcbp,fdpdp,air_mass_factor,aod_870,aod_675,aod_500,aod_440,aodt,aodp,aodf,aodrh,pm_flag,rssi,i2cf
0,2021-09-04T07:43:37Z,AD00091,J0122,31,11.4678,0,2879.87,14.4431,13.5333,74.7773,19.41,1.1696,988.6,0,2.93522,-66666,-66666,-66666,-66666,15.12,988.56,,36.5811,,-75,
1,2021-09-04T07:23:37Z,AD00091,J0122,31,11.6515,0,2879.87,14.4464,13.6667,74.6992,19.68,1.16853,988.71,0,2.93522,-66666,-66666,-66666,-66666,15.19,988.59,,36.3232,,-75,
2,2021-09-04T07:03:37Z,AD00091,J0122,32,11.8059,0,2879.87,14.4453,14.2667,74.4424,19.68,1.16845,988.62,0,2.93522,-66666,-66666,-66666,-66666,15.29,988.56,,36.7783,,-75,
3,2021-09-04T06:43:38Z,AD00091,J0122,32,11.9388,0,2879.87,14.4508,13.2,73.791,19.93,1.16752,988.72,0,2.93522,-66666,-66666,-66666,-66666,15.58,988.71,,36.6309,,-76,
4,2021-09-04T06:23:38Z,AD00091,J0122,32,12.0566,0,2879.87,14.4508,12.5333,74.2715,20.06,1.16722,989,0,2.93522,-66666,-66666,-66666,-66666,15.65,988.98,,36.6953,,-75,
5,2021-09-04T06:03:38Z,AD00091,J0122,32,12.1614,0,2879.87,14.4552,13.5333,73.7822,20.27,1.16635,989.01,0,2.93522,-66666,-66666,-66666,-66666,15.89,988.88,,36.7148,,-75,
6,2021-09-04T05:43:23Z,AD00091,J0122,33,12.2575,0,2879.87,14.4606,13.4667,74.4297,20.48,1.16536,989.03,0,2.93522,-66666,-66666,-66666,-66666,15.96,988.88,,36.4551,,-75,
7,2021-09-04T05:23:39Z,AD00091,J0122,33,12.3418,0,2879.87,14.4595,15.1333,73.8066,20.43,1.16552,988.92,0,2.93522,-66666,-66666,-66666,-66666,16.08,988.91,,36.3848,,-75,
8,2021-09-04T05:03:39Z,AD00091,J0122,33,12.4207,0,2879.87,14.4617,16.0667,73.959,20.74,1.16405,988.86,0,2.93522,-66666,-66666,-66666,-66666,16.27,988.91,,36.6768,,-75,
9,2021-09-04T04:43:39Z,AD00091,J0122,34,12.4941,0,2879.87,14.4628,14.4,73.835,20.73,1.1643,989.02,0,2.93522,-66666,-66666,-66666,-66666,16.41,988.97,,36.5508,,-75,
10,2021-09-04T04:23:39Z,AD00091,J0122,34,12.56,0,2879.87,14.4639,14.4,73.6533,20.93,1.1635,989.08,0,2.93522,-66666,-66666,-66666,-66666,16.54,989.03,,37.1729,,-75,
11,2021-09-04T04:03:24Z,AD00091,J0122,34,12.6216,0,2879.87,14.4672,12,73.8428,21.06,1.16276,988.96,0,2.93522,-66666,-66666,-66666,-66666,16.73,989,,36.7041,,-74,
12,2021-09-04T03:43:25Z,AD00091,J0122,35,12.6691,0,2879.87,14.4672,12.3333,74.0166,21.16,1.1623,988.97,0,2.93522,-66666,-66666,-66666,-66666,16.84,988.98,,36.5977,,-74,
13,2021-09-04T03:23:40Z,AD00091,J0122,35,12.7026,0,2879.87,14.4716,13.4,72.9922,21.41,1.16123,988.91,0,2.93522,-66666,-66666,-66666,-66666,17.17,989.04,,36.7285,,-74,
14,2021-09-04T03:03:25Z,AD00091,J0122,35,12.7231,0,2879.87,14.4738,9.53333,72.2988,21.56,1.16068,988.94,0,2.93522,-66666,-66666,-66666,-66666,17.45,989.02,,36.2197,,-74,
15,2021-09-04T02:43:25Z,AD00091,J0122,35,12.735,0,2879.87,14.4749,9.4,72.5859,21.8,1.15963,988.98,0,2.93522,-66666,-66666,-66666,-66666,17.48,989,,36.79,,-74,
16,2021-09-04T02:23:40Z,AD00091,J0122,36,12.7426,0,2879.87,14.4815,7,71.2549,22.05,1.1586,988.92,0,2.93522,-66666,-66666,-66666,-66666,17.81,988.98,,36.7236,,-74,
17,2021-09-04T02:03:40Z,AD00091,J0122,36,12.7491,0,2879.87,14.4837,7.2,69.5029,22.34,1.15762,989,0,2.93522,-66666,-66666,-66666,-66666,18.12,988.96,,36.7266,,-74,
18,2021-09-04T01:43:40Z,AD00091,J0122,36,12.7545,0,2879.87,14.487,7.53333,68.3467,22.58,1.15643,988.77,0,2.93522,-66666,-66666,-66666,-66666,18.35,988.72,,36.6885,,-74,
19,2021-09-04T01:23:41Z,AD00091,J0122,37,12.7588,0,2879.87,14.4924,6.73333,65.9502,22.92,1.15493,988.52,0,2.93522,-66666,-66666,-66666,-66666,18.73,988.51,,36.9746,,-74,
20,2021-09-04T01:03:26Z,AD00091,J0122,37,12.7653,0,2879.87,14.5023,5.86667,63.4004,23.48,1.15257,988.33,0,2.93522,-66666,-66666,-66666,-66666,19.43,988.21,,37.0557,,-74,
21,2021-09-04T00:43:26Z,AD00091,J0122,37,12.7728,0,2879.87,14.5122,5.73333,61.3975,24.28,1.14887,987.93,0,2.93522,-66666,-66666,-66666,-66666,20.38,987.97,,36.8096,,-75,
22,2021-09-04T00:23:41Z,AD00091,J0122,37,12.7815,0,2879.87,14.5275,5.73333,57.1797,25.17,1.14563,987.96,0,2.93522,-66666,-66666,-66666,-66666,21.65,987.89,,36.9375,,-74,
23,2021-09-04T00:03:26Z,AD00091,J0122,38,12.7901,0,2879.87,14.5429,5.86667,53.3174,26.45,1.14036,987.68,0,2.93522,-66666,-66666,-66666,-66666,23.31,987.8,,37.2041,,-74,
24,2021-09-03T23:43:27Z,AD00091,J0122,38,12.7999,0,2879.87,14.5626,4.66667,50.0547,27.91,1.13456,987.6,0,2.93522,-66666,-66666,-66666,-66666,25.22,987.77,,37.3633,,-75,
25,2021-09-03T23:23:27Z,AD00091,J0122,38,12.8085,0,2879.87,14.5824,6.35714,44.9863,29.31,1.12969,987.75,0,2.93522,-66666,-66666,-66666,-66666,27.35,987.8,,37.5996,,-74,
26,2021-09-03T23:03:27Z,AD00091,J0122,39,12.8161,0,2879.87,14.6076,3.93333,39.334,30.95,1.12403,987.86,0,2.93522,-66666,-66666,-66666,-66666,30,987.93,,37.8438,,-74,
27,2021-09-03T22:43:42Z,AD00091,J0122,39,12.8096,0,2879.87,14.6602,4.33333,31.9102,34.14,1.11275,988.01,0,2.93522,-77777,-77777,-77777,-77777,33.4,988.1,,37.9473,,-74,
28,2021-09-03T22:23:43Z,AD00091,J0122,39,12.7966,0,2879.87,14.7074,4,27.3252,36.63,1.10408,988.14,0,2.93522,-99999,-99999,-99999,-99999,36.61,988.12,,37.7061,,-74,
29,2021-09-03T22:03:27Z,AD00091,J0122,40,12.8161,0,2879.87,14.7128,3.8,26.8789,37.83,1.09936,988.04,0,2.43783,-99999,-99999,-99999,-99999,40.19,988.12,,39.6162,,-78,
30,2021-09-03T21:43:28Z,AD00091,J0122,40,12.8085,0,2879.87,14.7446,4.46667,24.4424,40.18,1.09092,988.08,0,2.1161,0.021325,0.051751,0.098309,0.179734,42.08,988.1,,40.8516,,-76,
31,2021-09-03T21:23:43Z,AD00091,J0122,41,12.802,0,2879.87,14.7896,4.4,19.7021,45.41,1.07295,988.43,0,1.86606,-88888,-88888,-88888,-88888,43.55,988.26,,40.5635,,-73,
32,2021-09-03T21:03:28Z,AD00091,J0122,41,12.8053,0,2879.87,14.772,4.33333,24.7695,43.2,1.07958,988.53,0,1.67668,-88888,-88888,-88888,-88888,42.57,988.42,,40.4424,,-71,
33,2021-09-03T20:43:28Z,AD00091,J0122,41,12.8366,0,2879.87,14.7392,4.64286,24.5498,41.09,1.08778,988.47,0,1.22221,-77777,-77777,-77777,-77777,42.12,988.4,,39.8896,,-75,
34,2021-09-03T20:23:43Z,AD00091,J0122,42,12.8614,0,2879.87,14.6964,4.2,31.2559,37.05,1.10208,988.77,0,1.22221,-77777,-77777,-77777,-77777,39.04,988.72,,39.1299,,-69,
35,2021-09-03T20:03:29Z,AD00091,J0122,42,12.8852,0,2879.87,14.7161,4.42857,29.5996,38.74,1.09582,988.79,0,1.22221,-77777,-77777,-77777,-77777,40.71,988.89,,39.3926,,-66,
36,2021-09-03T19:43:29Z,AD00091,J0122,43,12.896,0,2879.87,14.7578,8.6,22.6084,40.75,1.09025,988.94,0,1.22221,-77777,-77777,-77777,-77777,45.42,988.91,,39.2637,,-71,
37,2021-09-03T19:23:44Z,AD00091,J0122,43,12.9306,0,2879.87,14.7348,4.73333,25.6484,39.9,1.09283,989.15,0,1.22221,-99999,-99999,-99999,-99999,46.46,989,,40.9023,,-79,
38,2021-09-03T19:03:29Z,AD00091,J0122,44,12.9392,0,2879.87,14.7359,8.2,25.6299,39.98,1.09262,989.24,0,1.18097,-99999,-99999,-99999,-99999,45.37,989.05,,41.668,,-85,
39,2021-09-03T18:43:44Z,AD00091,J0122,44,12.9403,0,2879.87,14.7381,5.26667,24.7051,39.53,1.09499,989.53,0,1.14852,-88888,-88888,-88888,-88888,42.45,989.36,,40.4443,,-74,
40,2021-09-03T18:23:44Z,AD00091,J0122,44,12.9792,0,2879.87,14.7063,4.06667,28.9482,37.57,1.10165,989.68,0,1.11194,-77777,-77777,-77777,-77777,41.61,989.6,,39.1885,,-66,
41,2021-09-03T18:03:30Z,AD00091,J0122,45,12.9997,0,2879.87,14.7282,4.46667,23.9043,39.39,1.09594,989.68,0,1.11194,-99999,-99999,-99999,-99999,45.84,989.78,,40.7744,,-87,
42,2021-09-03T17:43:30Z,AD00091,J0122,45,13.0116,0,2879.87,14.7249,5.07143,25.6914,39.17,1.09643,989.83,0,1.10569,-99999,-99999,-99999,-99999,45.41,989.68,,41.2529,,-79,
43,2021-09-03T17:23:45Z,AD00091,J0122,45,13.0224,0,2879.87,14.7282,4.73333,23.9248,39.11,1.09725,989.88,0,1.10709,-99999,-99999,-99999,-99999,45.56,989.86,,40.2705,,-76,
44,2021-09-03T17:03:30Z,AD00091,J0122,46,13.0224,0,2879.87,14.7435,4.71429,24.1934,39.5,1.09586,990.07,0,1.11562,-99999,-99999,-99999,-99999,45.12,990,,40.0859,,-71,
45,2021-09-03T16:43:30Z,AD00091,J0122,46,13.0354,0,2879.87,14.7381,4.73333,24.3145,39.55,1.09572,990.15,0,1.15827,-77777,-77777,-77777,-77777,47.04,990.02,,40.582,,-70,
46,2021-09-03T16:23:45Z,AD00091,J0122,47,13.0429,0,2879.87,14.726,3.8,25.5166,38.37,1.10044,990.56,0,1.15827,0.068011,0.094892,0.133535,0.269548,45.13,990.22,,43.0342,,-64,
47,2021-09-03T16:03:45Z,AD00091,J0122,47,13.0332,0,2879.87,14.7249,4.6,27.0283,37.18,1.1047,990.55,0,1.19523,-88888,-88888,-88888,-88888,40.99,990.21,,41.1211,,-69,
48,2021-09-03T15:43:31Z,AD00091,J0122,48,13.0602,0,2879.87,14.6854,5.93333,31.1436,35.93,1.10866,990.6,0,1.2994,-77777,-77777,-77777,-77777,39.82,990.34,,40.2773,,-73,
49,2021-09-03T15:23:46Z,AD00091,J0122,48,13.0527,0,2879.87,14.7293,6.06667,31.0977,38.37,1.09897,990.67,0,1.2994,-88888,-88888,-88888,-88888,43.74,990.5,,40.3848,,-72,
50,2021-09-03T15:03:31Z,AD00091,J0122,48,13.0678,0,2879.87,14.6942,6.4,30.9541,36.59,1.10602,990.56,0,1.37203,0.045871,0.078005,0.120717,0.23794,41.26,990.39,,42.0225,,-66,
51,2021-09-03T14:43:31Z,AD00091,J0122,49,13.0624,0,2879.87,14.6832,7.26667,35.1846,35.28,1.11022,990.54,0,1.46301,0.020233,0.054057,0.0946,0.20366,38.44,990.45,,41.792,,-67,
52,2021-09-03T14:23:46Z,AD00091,J0122,49,13.071,0,2879.87,14.6558,8.33333,36.6318,33.64,1.11646,990.43,0,1.58338,-88888,-88888,-88888,-88888,34.95,990.39,,41.0195,,-66,
53,2021-09-03T14:03:47Z,AD00091,J0122,50,13.0851,0,2879.87,14.6185,6.93333,39.4883,31.79,1.1234,990.37,0,2.19107,-77777,-77777,-77777,-77777,32.61,990.28,,40.4766,,-68,
54,2021-09-03T13:43:32Z,AD00091,J0122,50,13.0851,0,2879.87,14.5911,8.33333,45.7197,29.85,1.13016,990.25,0,2.19107,-77777,-77777,-77777,-77777,28.42,990.12,,39.0156,,-66,
55,2021-09-03T13:23:47Z,AD00091,J0122,50,13.0689,0,2879.87,14.5867,9.8,47.8193,28.9,1.13362,990.1,0,2.19107,0.023422,0.057219,0.105313,0.187517,25.46,989.95,,39.8789,,-69,
56,2021-09-03T13:03:32Z,AD00091,J0122,51,13.0775,0,2879.87,14.5484,11.9333,56.5615,26.4,1.14253,989.78,0,2.56612,0.026995,0.062111,0.111057,0.188889,23.21,989.73,,39.7031,,-71,
57,2021-09-03T12:43:47Z,AD00091,J0122,51,13.0624,0,2879.87,14.5407,12.2,67.8594,25.49,1.14461,989.59,0,3.089,-88888,-88888,-88888,-88888,21.04,989.51,,39.5918,,-68,
58,2021-09-03T12:23:47Z,AD00091,J0122,52,13.0851,0,2879.87,14.4826,14.9333,75.7158,22.33,1.15778,989.73,0,2.88111,-66666,-66666,-66666,-66666,18.3,989.49,,37.5527,,-69,
59,2021-09-03T12:03:35Z,AD00091,J0122,52,13.0883,0,2879.87,14.4727,17.3571,75.3691,21.41,1.16171,989.54,0,2.88111,-66666,-66666,-66666,-66666,17.31,989.36,,37.0635,,-68,
60,2021-09-03T11:43:48Z,AD00091,J0122,52,13.0905,0,2879.87,14.4694,17.2667,75.2773,21.19,1.16234,989.23,0,2.88111,-66666,-66666,-66666,-66666,17.04,989.01,,37.041,,-69,
61,2021-09-03T11:23:48Z,AD00091,J0122,52,13.0926,0,2879.87,14.4694,16.6667,75.332,21.18,1.16216,989.05,0,2.88111,-66666,-66666,-66666,-66666,16.84,988.79,,37.082,,-70,
62,2021-09-03T11:03:33Z,AD00091,J0122,53,13.0959,0,2879.87,14.4683,14.1333,74.7676,21.09,1.16224,988.72,0,2.88111,-66666,-66666,-66666,-66666,16.97,988.37,,36.9785,,-69,
63,2021-09-03T10:43:48Z,AD00091,J0122,53,13.098,0,2879.87,14.4716,16.5333,74.3623,21.21,1.1615,988.51,0,2.88111,-66666,-66666,-66666,-66666,17.15,988.29,,36.7852,,-68,
64,2021-09-03T10:23:49Z,AD00091,J0122,53,13.0991,0,2879.87,14.4727,16.4,74.6846,21.39,1.16055,988.42,0,2.88111,-66666,-66666,-66666,-66666,17.13,988.24,,36.9912,,-68,
65,2021-09-03T10:03:36Z,AD00091,J0122,54,13.1023,0,2879.87,14.4738,14.7333,75.0771,21.47,1.15975,988.08,0,2.88111,-66666,-66666,-66666,-66666,17.27,987.77,,36.9795,,-68,
66,2021-09-03T09:43:37Z,AD00091,J0122,54,13.1045,0,2879.87,14.476,17.7143,74.5439,21.7,1.15833,987.7,0,2.88111,-66666,-66666,-66666,-66666,17.63,987.48,,37.0908,,-69,
67,2021-09-03T09:23:37Z,AD00091,J0122,54,13.1067,0,2879.87,14.4804,19.7143,74.6055,22.01,1.15685,987.62,0,2.88111,-66666,-66666,-66666,-66666,17.76,987.35,,37.0547,,-69,
68,2021-09-03T09:03:49Z,AD00091,J0122,54,13.1088,0,2879.87,14.4815,21.6667,73.5977,22.15,1.15596,987.29,0,2.88111,-66666,-66666,-66666,-66666,18.19,987.23,,37.0918,,-68,
69,2021-09-03T08:43:49Z,AD00091,J0122,55,13.111,0,2879.87,14.487,20.8667,74.0264,22.44,1.15485,987.49,0,2.88111,-66666,-66666,-66666,-66666,18.36,987.16,,37.0947,,-68,
70,2021-09-03T08:23:35Z,AD00091,J0122,55,13.1132,0,2879.87,14.4902,21.7143,74.2168,22.71,1.15337,987.27,0,2.88111,-66666,-66666,-66666,-66666,18.63,987.13,,37.1396,,-70,
71,2021-09-03T08:03:35Z,AD00091,J0122,55,13.1132,0,2879.87,14.4946,22.7143,73.6816,23.01,1.15212,987.29,0,2.88111,-66666,-66666,-66666,-66666,19.06,987.06,,37.2686,,-69,
72,2021-09-03T07:43:35Z,AD00091,J0122,56,13.1153,0,2879.87,14.5001,22.5,73.7891,23.46,1.15011,987.29,0,2.88111,-66666,-66666,-66666,-66666,19.3,987.07,,37.2783,,-68,
73,2021-09-03T07:23:50Z,AD00091,J0122,56,13.1175,0,2879.87,14.5001,25,74.3359,23.49,1.14988,987.27,0,2.88111,-66666,-66666,-66666,-66666,19.44,986.94,,36.8604,,-68,
74,2021-09-03T07:03:35Z,AD00091,J0122,56,13.1186,0,2879.87,14.5023,26.2857,73.8047,23.69,1.14907,987.28,0,2.88111,-66666,-66666,-66666,-66666,19.73,987.08,,36.9307,,-69,
75,2021-09-03T06:43:36Z,AD00091,J0122,56,13.1196,0,2879.87,14.5067,30.4286,74.0742,23.96,1.14799,987.41,0,2.88111,-66666,-66666,-66666,-66666,19.92,987.14,,36.9111,,-68,
76,2021-09-03T06:23:51Z,AD00091,J0122,57,13.1207,0,2879.87,14.5078,21,73.2451,24.2,1.14685,987.26,0,2.88111,-66666,-66666,-66666,-66666,20.42,987.17,,37.4766,,-68,
77,2021-09-03T06:03:51Z,AD00091,J0122,57,13.1218,0,2879.87,14.5067,18.7333,73.0361,24.65,1.14489,987.27,0,2.88111,-66666,-66666,-66666,-66666,20.78,987.05,,37.4609,,-68,
78,2021-09-03T05:43:51Z,AD00091,J0122,57,13.1229,0,2879.87,14.5133,19.2667,74.0186,24.65,1.14476,987.27,0,2.88111,-66666,-66666,-66666,-66666,20.64,987.07,,37.4014,,-68,
79,2021-09-03T05:23:36Z,AD00091,J0122,58,13.124,0,2879.87,14.5111,19.6429,73.3408,24.65,1.14478,987.21,0,2.88111,-66666,-66666,-66666,-66666,20.76,986.94,,37.9717,,-68,
80,2021-09-03T05:03:36Z,AD00091,J0122,58,13.125,0,2879.87,14.51,20.8571,73.3154,24.85,1.14392,987.23,0,2.88111,-66666,-66666,-66666,-66666,20.91,987,,37.2607,,-68,
81,2021-09-03T04:43:37Z,AD00091,J0122,58,13.1261,0,2879.87,14.5199,19.7143,73.1416,24.96,1.1434,987.18,0,2.88111,-66666,-66666,-66666,-66666,20.98,987,,37.873,,-68,
82,2021-09-03T04:23:37Z,AD00091,J0122,58,13.1272,0,2879.87,14.5199,18.2857,72.3252,25.02,1.14319,987.13,0,2.88111,-66666,-66666,-66666,-66666,21.23,986.96,,37.4629,,-70,
83,2021-09-03T04:03:37Z,AD00091,J0122,59,13.1283,0,2879.87,14.5199,18.6,73.0625,25.1,1.1428,987.19,0,2.88111,-66666,-66666,-66666,-66666,21.13,986.98,,37.3486,,-71,
84,2021-09-03T03:43:52Z,AD00091,J0122,59,13.1294,0,2879.87,14.5199,18.2667,72.6768,25.16,1.14253,987.14,0,2.88111,-66666,-66666,-66666,-66666,21.23,986.81,,37.2061,,-69,
85,2021-09-03T03:23:52Z,AD00091,J0122,59,13.1304,0,2879.87,14.5242,17.8667,71.6396,25.4,1.14141,986.97,0,2.88111,-66666,-66666,-66666,-66666,21.53,986.71,,37.3838,,-69,
86,2021-09-03T03:03:37Z,AD00091,J0122,60,13.1326,0,2879.87,14.5286,15.4,70.5557,25.77,1.13989,986.94,0,2.88111,-66666,-66666,-66666,-66666,21.93,986.71,,37.3584,,-67,
87,2021-09-03T02:43:53Z,AD00091,J0122,60,13.1348,0,2879.87,14.5363,16.6667,68.8115,26.24,1.13779,986.69,0,2.88111,-66666,-66666,-66666,-66666,22.47,986.52,,37.6846,,-68,
88,2021-09-03T02:23:53Z,AD00091,J0122,60,13.1369,0,2879.87,14.5396,14.4,67.0986,26.63,1.13641,986.76,0,2.88111,-66666,-66666,-66666,-66666,22.78,986.47,,37.4531,,-69,
89,2021-09-03T02:03:38Z,AD00091,J0122,60,13.1391,0,2879.87,14.5429,14.8571,67.5908,26.81,1.13528,986.53,0,2.88111,-66666,-66666,-66666,-66666,23,986.4,,37.2949,,-70,
90,2021-09-03T01:43:53Z,AD00091,J0122,61,13.1412,0,2879.87,14.544,18.6667,67.4326,26.97,1.13439,986.35,0,2.88111,-66666,-66666,-66666,-66666,22.98,986.21,,37.1768,,-70,
91,2021-09-03T01:23:53Z,AD00091,J0122,61,13.1456,0,2879.87,14.5462,17.4667,68.127,26.9,1.13407,985.9,0,2.88111,-66666,-66666,-66666,-66666,23.18,985.71,,37.7793,,-69,
92,2021-09-03T01:03:38Z,AD00091,J0122,61,13.151,0,2879.87,14.5506,12.1333,65.9531,27.36,1.13198,985.55,0,2.88111,-66666,-66666,-66666,-66666,23.77,985.4,,37.29,,-70,
93,2021-09-03T00:43:39Z,AD00091,J0122,62,13.1564,0,2879.87,14.5626,11.6667,63.3652,28.08,1.12894,985.28,0,2.88111,-66666,-66666,-66666,-66666,24.62,985.05,,37.3721,,-70,
94,2021-09-03T00:23:54Z,AD00091,J0122,62,13.1618,0,2879.87,14.5725,10.7333,59.582,28.85,1.126,985.07,0,2.88111,-66666,-66666,-66666,-66666,25.77,984.8,,37.4092,,-68,
95,2021-09-03T00:03:54Z,AD00091,J0122,62,13.1682,0,2879.87,14.59,8.53333,56.2314,29.92,1.12175,984.87,0,2.88111,-66666,-66666,-66666,-66666,27.39,984.61,,37.5908,,-69,
96,2021-09-02T23:43:39Z,AD00091,J0122,62,13.1747,0,2879.87,14.6076,9.73333,50.752,31.3,1.11663,984.63,0,2.88111,-66666,-66666,-66666,-66666,29.39,984.42,,38.042,,-69,
97,2021-09-02T23:23:55Z,AD00091,J0122,63,13.1801,0,2879.87,14.6295,7.86667,46.3496,32.88,1.11079,984.55,0,2.88111,-66666,-66666,-66666,-66666,31.74,984.28,,38.2402,,-69,
98,2021-09-02T23:03:55Z,AD00091,J0122,63,13.1855,0,2879.87,14.6591,6.46667,42.6748,35.05,1.10235,984.34,0,2.88111,-66666,-66666,-66666,-66666,34.41,984.15,,38.4746,,-69,
99,2021-09-02T22:43:55Z,AD00091,J0122,63,13.1801,0,2879.87,14.7074,6.4,38.0645,37.88,1.0917,984.16,0,2.88111,-77777,-77777,-77777,-77777,37.85,983.91,,38.752,,-69,
100,2021-09-02T22:23:55Z,AD00091,J0122,64,13.1704,0,2879.87,14.7501,6.46667,32.7539,40.63,1.08201,984.02,0,2.88111,-88888,-88888,-88888,-88888,40.78,983.84,,38.1084,,-77,
101,2021-09-02T22:03:40Z,AD00091,J0122,64,13.1845,0,2879.87,14.7468,21.3333,31.2578,41.64,1.07845,984.01,0,2.42019,-99999,-99999,-99999,-99999,41.64,983.87,,39.3379,,-86,
102,2021-09-02T21:43:40Z,AD00091,J0122,65,13.1866,0,2879.87,14.7567,6.57143,31.7441,41.45,1.07895,983.92,0,1.861,-77777,-77777,-77777,-77777,44.31,983.83,,39.1943,,-74,
103,2021-09-02T21:23:55Z,AD00091,J0122,65,13.178,0,2879.87,14.8071,5.86667,27.1875,44.58,1.06823,983.92,0,1.861,-88888,-88888,-88888,-88888,47.51,983.67,,41.4375,,-83,
104,2021-09-02T21:03:41Z,AD00091,J0122,65,13.1661,0,2879.87,14.84,5.33333,22.2529,48.84,1.05384,983.84,0,1.67117,-88888,-88888,-88888,-88888,47.2,983.69,,40.5713,,-77,
105,2021-09-02T20:43:41Z,AD00091,J0122,66,13.1758,0,2879.87,14.7764,5.28571,30.6963,42.5,1.07508,983.88,0,1.53793,-88888,-88888,-88888,-88888,44.36,983.83,,39.8486,,-73,
106,2021-09-02T20:23:56Z,AD00091,J0122,66,13.1909,0,2879.87,14.7973,5.86667,27.0781,44.34,1.06934,984.04,0,1.34317,-77777,-77777,-77777,-77777,51.02,983.85,,40.0918,,-70,
107,2021-09-02T20:03:41Z,AD00091,J0122,67,13.1791,0,2879.87,14.828,6.06667,26.2314,47.39,1.05789,984.12,0,1.34317,-88888,-88888,-88888,-88888,49.58,983.95,,41.8555,,-80,
108,2021-09-02T19:43:41Z,AD00091,J0122,67,13.1726,0,2879.87,14.7984,5,27.2412,43.24,1.0737,984.15,0,1.27011,-88888,-88888,-88888,-88888,48.48,983.94,,40.8057,,-71,
109,2021-09-02T19:23:56Z,AD00091,J0122,68,13.1888,0,2879.87,14.7731,5.2,27.7314,43.06,1.07436,984.27,0,1.22007,0.024121,0.066111,0.123039,0.262403,46.24,984.21,,41.4238,,-79,
110,2021-09-02T19:03:42Z,AD00091,J0122,68,13.192,0,2879.87,14.7753,4.93333,30.9805,42.83,1.0747,984.81,0,1.14638,-77777,-77777,-77777,-77777,48.86,984.59,,39.4883,,-73,
111,2021-09-02T18:43:57Z,AD00091,J0122,69,13.1888,0,2879.87,14.806,5.86667,25.9756,45.38,1.06668,984.91,0,1.14638,0.02502,0.064128,0.123163,0.265529,50.42,984.64,,42.4629,,-85,
112,2021-09-02T18:23:57Z,AD00091,J0122,69,13.1963,0,2879.87,14.7578,5.73333,29.7627,41.29,1.0815,985.06,0,1.10853,-77777,-77777,-77777,-77777,48.02,984.94,,39.4053,,-70,
113,2021-09-02T18:03:42Z,AD00091,J0122,69,13.1985,0,2879.87,14.794,5,26.3916,43.82,1.07292,985.21,0,1.10853,-99999,-99999,-99999,-99999,53.4,985,,40.8418,,-88,
114,2021-09-02T17:43:42Z,AD00091,J0122,70,13.1888,0,2879.87,14.806,4.78571,26.2861,43.87,1.07279,985.24,0,1.1025,0.027225,0.067078,0.131569,0.276977,51.19,984.95,,43.0039,,-81,
115,2021-09-02T17:23:57Z,AD00091,J0122,70,13.1963,0,2879.87,14.7753,4.4,28.6006,42.08,1.07904,985.3,0,1.11338,-77777,-77777,-77777,-77777,50.06,984.97,,41.0654,,-70,
116,2021-09-02T17:03:43Z,AD00091,J0122,71,13.1877,0,2879.87,14.7808,4.71429,28.4609,41.93,1.07967,985.29,0,1.11338,-88888,-88888,-88888,-88888,47.58,985.12,,41.0605,,-77,
117,2021-09-02T16:43:43Z,AD00091,J0122,71,13.192,0,2879.87,14.7731,6.07143,29.8447,41.83,1.07968,985.37,0,1.15561,-77777,-77777,-77777,-77777,48.69,984.96,,39.4248,,-72,
118,2021-09-02T16:23:58Z,AD00091,J0122,71,13.2007,0,2879.87,14.7567,4.73333,29.6406,41.6,1.08058,985.3,0,1.15561,0.048488,0.106976,0.195196,0.340708,48.66,985.1,,41.6123,,-65,
119,2021-09-02T16:03:43Z,AD00091,J0122,72,13.1985,0,2879.87,14.7381,8.73333,32.4355,39.98,1.08614,985.31,0,1.19067,0.052436,0.113807,0.212397,0.350552,46.63,985.2,,40.9912,,-64,
120,2021-09-02T15:43:43Z,AD00091,J0122,72,13.1866,0,2879.87,14.7578,4.2,32.4941,40.13,1.08569,985.46,0,1.2335,-99999,-99999,-99999,-99999,44.92,985.37,,42.6592,,-66,
121,2021-09-02T15:23:59Z,AD00091,J0122,73,13.1899,0,2879.87,14.726,4.73333,35.1572,38.45,1.09159,985.4,0,1.29857,-88888,-88888,-88888,-88888,43.13,985.15,,39.9648,,-71,
122,2021-09-02T15:03:44Z,AD00091,J0122,73,13.1942,0,2879.87,14.7095,4.53333,36.0576,37.48,1.09507,985.22,0,1.36693,0.020069,0.05848,0.109027,0.229507,41.36,985.19,,42.2139,,-64,
123,2021-09-02T14:43:59Z,AD00091,J0122,73,13.1888,0,2879.87,14.7063,4.26667,38.3477,36.9,1.09665,985.07,0,1.45933,-88888,-88888,-88888,-88888,38.98,984.82,,41.0527,,-67,
124,2021-09-02T14:23:59Z,AD00091,J0122,74,13.1855,0,2879.87,14.703,3.73333,38.1748,36.66,1.09769,985.08,0,1.58177,-88888,-88888,-88888,-88888,36.24,984.81,,40.0752,,-73,
125,2021-09-02T14:03:44Z,AD00091,J0122,74,13.1931,0,2879.87,14.6821,3.53333,40.25,35.46,1.10221,985.19,0,1.72499,-88888,-88888,-88888,-88888,36.07,984.91,,41.7822,,-67,
126,2021-09-02T13:43:44Z,AD00091,J0122,75,13.2115,1.99461,2845.92,14.5791,4.42857,48.8223,33.13,1.10963,984.92,37.9333,2.55303,-77777,-77777,-77777,-77777,31.82,984.71,,39.9893,,-68,
127,2021-09-02T13:23:59Z,AD00091,J0122,75,13.2147,1.99734,2806.39,14.7063,4.8,51.9512,31.5,1.1156,984.68,36.9167,2.55303,-77777,-77777,-77777,-77777,28.24,984.39,,39.7236,,-68,
128,2021-09-02T13:04:00Z,AD00091,J0122,76,13.1985,1.99232,2766.46,14.9146,6.06667,53.584,30.87,1.11742,984.2,53.7667,2.55303,-88888,-88888,-88888,-88888,26.5,984.19,,39.8887,,-69,
129,2021-09-02T12:43:45Z,AD00091,J0122,76,13.1996,1.98719,2725.94,15.1745,6.26667,61.6338,28.37,1.1266,984.09,55,3.05244,-88888,-88888,-88888,-88888,23.8,984.06,,39.8965,,-67,
130,2021-09-02T12:24:00Z,AD00091,J0122,76,13.245,2.01034,2686.44,15.1427,7.46667,72.9727,24.89,1.14008,984.06,45.7,2.87773,-66666,-66666,-66666,-66666,20.75,983.92,,38.0986,,-68,
131,2021-09-02T12:03:45Z,AD00091,J0122,77,13.2514,1.99446,2645.9,15.2633,10.5714,74.0146,23.8,1.14441,983.75,45.35,2.87773,-66666,-66666,-66666,-66666,19.49,983.66,,37.7012,,-68,
132,2021-09-02T11:43:45Z,AD00091,J0122,77,13.2579,1.99955,2605.93,15.2589,9.28571,73.2822,23.39,1.14621,983.65,44.7167,2.87773,-66666,-66666,-66666,-66666,19.21,983.42,,37.3516,,-67,
133,2021-09-02T11:24:01Z,AD00091,J0122,77,13.2633,2.00171,2566.44,15.294,10.5333,73.7295,23.37,1.14575,983.23,45.0833,2.87773,-66666,-66666,-66666,-66666,19.01,982.96,,37.5791,,-68,
134,2021-09-02T11:04:01Z,AD00091,J0122,78,13.2676,1.99791,2526.47,15.2578,10.1333,72.9736,23.43,1.14527,982.97,44.5333,2.87773,-66666,-66666,-66666,-66666,19.12,982.8,,37.5996,,-68,
135,2021-09-02T10:43:46Z,AD00091,J0122,78,13.272,1.98772,2486.01,15.1602,11.0667,73.5225,23.62,1.1438,982.49,44.3833,2.87773,-66666,-66666,-66666,-66666,19.24,982.4,,37.4697,,-67,
136,2021-09-02T10:24:01Z,AD00091,J0122,78,13.2752,2.00311,2446.45,15.2622,10.4667,72.7637,23.67,1.14331,982.18,45.1667,2.87773,-66666,-66666,-66666,-66666,19.55,981.98,,37.9385,,-68,
137,2021-09-02T10:03:46Z,AD00091,J0122,79,13.2795,1.99741,2405.98,15.1964,8.85714,72.7139,23.85,1.14228,981.98,45,2.87773,-66666,-66666,-66666,-66666,19.83,981.91,,37.6709,,-67,
138,2021-09-02T09:44:01Z,AD00091,J0122,79,13.2817,1.99894,2366.51,15.1986,10.2,72.6377,24.01,1.14162,982.01,44.85,2.87773,-66666,-66666,-66666,-66666,19.96,981.75,,37.7168,,-67,
139,2021-09-02T09:23:47Z,AD00091,J0122,79,13.2838,1.99623,2326.04,15.1668,9.42857,72.7939,24.07,1.141,981.72,44.45,2.87773,-66666,-66666,-66666,-66666,19.89,981.56,,37.6875,,-68,
140,2021-09-02T09:03:47Z,AD00091,J0122,79,13.286,2.00117,2286.06,15.169,9.6,72.4414,24.25,1.14024,981.71,44.4667,2.87773,-66666,-66666,-66666,-66666,20.11,981.59,,37.7285,,-67,
141,2021-09-02T08:44:02Z,AD00091,J0122,80,13.2882,2.00416,2246.54,15.1701,9.73333,72.2158,24.4,1.13952,981.64,44.6667,2.87773,-66666,-66666,-66666,-66666,20.37,981.54,,37.7168,,-68,
142,2021-09-02T08:24:03Z,AD00091,J0122,80,13.2892,1.99397,2206.54,15.203,8.93333,72.1172,24.57,1.13873,981.59,45.0667,2.87773,-66666,-66666,-66666,-66666,20.53,981.41,,37.9287,,-68,
143,2021-09-02T08:04:03Z,AD00091,J0122,80,13.2903,1.9979,2166.57,15.1076,8.26667,71.7949,24.74,1.13786,981.45,44.5,2.87773,-66666,-66666,-66666,-66666,20.71,981.31,,38.1064,,-66,
144,2021-09-02T07:44:02Z,AD00091,J0122,81,13.2925,1.9981,2126.59,15.1098,8.13333,71.5635,24.85,1.13737,981.42,44.8167,2.87773,-66666,-66666,-66666,-66666,20.73,981.36,,37.7588,,-67,
145,2021-09-02T07:23:48Z,AD00091,J0122,81,13.2936,1.99574,2086.12,15.0758,10,71.3154,24.92,1.13705,981.38,44.4167,2.87773,-66666,-66666,-66666,-66666,20.77,981.31,,37.3662,,-68,
146,2021-09-02T07:03:48Z,AD00091,J0122,81,13.2946,1.99896,2046.17,15.0791,7.66667,71.6201,25.05,1.13634,981.3,44.3833,2.87773,-66666,-66666,-66666,-66666,20.93,981.29,,37.7988,,-67,
147,2021-09-02T06:44:03Z,AD00091,J0122,81,13.2957,1.9954,2006.71,15.078,8.06667,71.1074,25.04,1.13655,981.38,44.25,2.87773,-66666,-66666,-66666,-66666,21.02,981.29,,37.5967,,-67,
148,2021-09-02T06:24:03Z,AD00091,J0122,82,13.2968,1.99611,1966.74,15.0495,8.66667,71.6436,25.28,1.13525,981.24,44.5167,2.87773,-66666,-66666,-66666,-66666,21.16,981.1,,37.9238,,-67,
149,2021-09-02T06:03:48Z,AD00091,J0122,82,13.2979,1.99915,1926.26,15.0506,9.53333,71.6797,25.36,1.13502,981.35,44.5667,2.87773,-66666,-66666,-66666,-66666,21.08,981.23,,37.2529,,-67,
150,2021-09-02T05:43:49Z,AD00091,J0122,82,13.299,1.99803,1886.26,15.0517,9.06667,71.2324,25.4,1.13497,981.4,44.6167,2.87773,-66666,-66666,-66666,-66666,21.11,981.37,,37.6973,,-68,
151,2021-09-02T05:23:49Z,AD00091,J0122,83,13.299,2.00137,1846.24,15.0528,9.78571,71.1279,25.53,1.1344,981.39,44.5333,2.87773,-66666,-66666,-66666,-66666,21.24,981.32,,37.5342,,-68,
152,2021-09-02T05:03:49Z,AD00091,J0122,83,13.3,1.99831,1806.25,15.022,9,71.1973,25.75,1.13349,981.45,44.3333,2.87773,-66666,-66666,-66666,-66666,21.48,981.37,,37.8926,,-69,
153,2021-09-02T04:44:04Z,AD00091,J0122,83,13.3011,2.00022,1766.74,15.0253,6.93333,71.2627,25.88,1.13301,981.54,44.7167,2.87773,-66666,-66666,-66666,-66666,21.61,981.32,,37.9971,,-67,
154,2021-09-02T04:24:04Z,AD00091,J0122,84,13.3022,1.99959,1726.71,15.0253,8.66667,70.4102,26.01,1.13251,981.49,44.7667,2.87773,-66666,-66666,-66666,-66666,21.71,981.38,,37.2119,,-68,
155,2021-09-02T04:04:05Z,AD00091,J0122,84,13.3033,1.99495,1686.75,15.124,6.4,69.0254,26.16,1.13201,981.45,44.4,2.87773,-66666,-66666,-66666,-66666,21.85,981.25,,37.5742,,-67,
156,2021-09-02T03:44:05Z,AD00091,J0122,84,13.3044,1.99897,1646.75,14.999,9.06667,68.6709,26.36,1.13099,981.28,44.1333,2.87773,-66666,-66666,-66666,-66666,22.13,981.2,,37.8887,,-67,
157,2021-09-02T03:24:05Z,AD00091,J0122,84,13.3044,1.99597,1606.75,14.9694,9.53333,67.0791,26.58,1.13015,981.18,43.9667,2.87773,-66666,-66666,-66666,-66666,22.36,981.07,,37.6406,,-67,
158,2021-09-02T03:04:05Z,AD00091,J0122,85,13.3055,1.99604,1566.77,14.9398,9.2,67.5117,26.81,1.12882,980.96,43.6833,2.87773,-66666,-66666,-66666,-66666,22.7,980.88,,37.6572,,-67,
159,2021-09-02T02:43:50Z,AD00091,J0122,85,13.3076,1.99712,1526.31,14.9124,11.4667,67.4316,27.11,1.12732,980.79,43.9833,2.87773,-66666,-66666,-66666,-66666,23.03,980.56,,37.1689,,-68,
160,2021-09-02T02:24:06Z,AD00091,J0122,85,13.3087,1.97757,1486.77,14.8543,10.5333,66.9258,27.46,1.12553,980.5,43.4833,2.87773,-66666,-66666,-66666,-66666,23.47,980.38,,37.4746,,-68,
161,2021-09-02T02:03:50Z,AD00091,J0122,86,13.3109,1.99655,1446.28,14.8609,11.0714,66.7285,27.82,1.12424,980.71,43.7833,2.87773,-66666,-66666,-66666,-66666,23.93,980.71,,37.4082,,-67,
162,2021-09-02T01:43:51Z,AD00091,J0122,86,13.313,1.99831,1406.35,14.8356,9.71429,65.377,28.27,1.12238,980.61,43.8333,2.87773,-66666,-66666,-66666,-66666,24.54,980.61,,38.1885,,-67,
163,2021-09-02T01:24:06Z,AD00091,J0122,86,13.3152,1.99721,1366.88,14.8137,11.7333,63.3281,28.88,1.11983,980.4,43.8,2.87773,-66666,-66666,-66666,-66666,25.27,980.27,,37.8848,,-68,
164,2021-09-02T01:04:06Z,AD00091,J0122,86,13.3173,1.99629,1326.89,14.7863,9.13333,61.8721,29.19,1.1183,980.02,43.1,2.87773,-66666,-66666,-66666,-66666,25.77,979.96,,37.75,,-69,
165,2021-09-02T00:44:06Z,AD00091,J0122,87,13.3217,2.00246,1286.89,14.7918,9,59.1533,29.6,1.11656,979.62,43.5,2.87773,-66666,-66666,-66666,-66666,26.27,979.53,,37.7578,,-68,
166,2021-09-02T00:24:07Z,AD00091,J0122,87,13.3249,1.99488,1246.85,14.7139,8.06667,55.7227,30.46,1.11331,979.45,43.1167,2.87773,-66666,-66666,-66666,-66666,27.6,979.39,,37.8564,,-68,
167,2021-09-02T00:04:07Z,AD00091,J0122,87,13.3292,1.99745,1206.84,14.6449,7.53333,52.3916,31.72,1.10817,979.07,43.4833,2.87773,-66666,-66666,-66666,-66666,29.46,979.07,,38.084,,-68,
168,2021-09-01T23:43:52Z,AD00091,J0122,88,13.3335,2.00182,1166.36,14.5484,7.46667,48.4795,33.39,1.10177,978.9,42.9333,2.87773,-66666,-66666,-66666,-66666,31.74,978.96,,38.3711,,-68,
169,2021-09-01T23:24:07Z,AD00091,J0122,88,13.3368,1.98412,1126.88,14.5231,6.66667,47.8408,34.84,1.09568,978.76,43.25,2.87773,-66666,-66666,-66666,-66666,33.96,978.69,,38.3652,,-69,
170,2021-09-01T23:03:52Z,AD00091,J0122,88,13.34,1.99621,1086.41,14.3236,7.07143,41.123,36.35,1.09088,978.58,42.0333,2.87773,-66666,-66666,-66666,-66666,36.5,978.66,,38.8066,,-68,
171,2021-09-01T22:43:52Z,AD00091,J0122,89,13.3325,1.99448,1046.42,14.2435,5.86667,35.4619,39.52,1.07967,978.67,42.4167,2.87773,-77777,-77777,-77777,-77777,40.06,978.51,,39.46,,-68,
172,2021-09-01T22:24:08Z,AD00091,J0122,89,13.3249,1.99727,1006.95,14.0736,6.66667,32.9834,41.87,1.07102,978.65,39.25,2.87773,-99999,-99999,-99999,-99999,41.66,978.6,,40.2051,,-75,
173,2021-09-01T22:04:08Z,AD00091,J0122,89,13.3249,1.99514,967.013,13.8444,6.2,29.0986,45.7,1.05754,978.86,34.25,2.39717,-88888,-88888,-88888,-88888,43.59,978.58,,40.4453,,-76,
174,2021-09-01T21:43:53Z,AD00091,J0122,90,13.326,2.02734,926.54,13.8027,6.73333,26.1924,46.04,1.05763,979.05,33,2.06463,-88888,-88888,-88888,-88888,44.94,978.52,,39.4678,,-71,
175,2021-09-01T21:23:53Z,AD00091,J0122,90,13.3357,1.99976,886.491,14.1547,5.21429,30.9414,42.77,1.06827,978.75,49.5,1.66896,-77777,-77777,-77777,-77777,46.06,978.85,,39.6611,,-71,
176,2021-09-01T21:03:53Z,AD00091,J0122,91,13.3238,2.00362,846.543,13.8005,4.86667,26.0127,47.36,1.05269,979.14,23.9,1.66896,-88888,-88888,-88888,-88888,48.26,978.61,,41.8623,,-77,
177,2021-09-01T20:43:53Z,AD00091,J0122,91,13.3238,1.99658,806.504,13.8323,6.14286,28.7031,45.7,1.05798,979.11,24.3833,1.52338,-88888,-88888,-88888,-88888,47.36,978.54,,40.7578,,-73,
178,2021-09-01T20:24:09Z,AD00091,J0122,91,13.3368,1.99438,767.005,13.9968,6,32.0195,42.36,1.06986,979.06,36.3333,1.33647,-77777,-77777,-77777,-77777,46.97,978.82,,39.4424,,-63,
179,2021-09-01T20:03:54Z,AD00091,J0122,92,13.3217,1.99693,726.565,13.9464,6.21429,30.6973,43.95,1.06423,979.24,23.35,1.33647,-88888,-88888,-88888,-88888,46.7,978.95,,42.9062,,-80,
180,2021-09-01T19:43:54Z,AD00091,J0122,92,13.3346,2.00727,686.552,14.078,6.26667,33.6943,41.02,1.07506,979.44,22.8833,1.09915,-77777,-77777,-77777,-77777,42.92,979.29,,40.4111,,-68,
181,2021-09-01T19:23:54Z,AD00091,J0122,93,13.3368,2.0004,646.52,14.0549,6.07143,33.2676,41.53,1.07323,979.5,38.4167,1.09915,-77777,-77777,-77777,-77777,45.14,979.31,,40.5176,,-70,
182,2021-09-01T19:03:54Z,AD00091,J0122,93,13.3379,1.99348,606.503,14.1701,12.2667,35.6748,40.14,1.07851,979.93,25.25,1.09915,-77777,-77777,-77777,-77777,42.57,979.75,,39.8926,,-70,
183,2021-09-01T18:43:54Z,AD00091,J0122,93,13.3389,2.00559,566.573,14.2063,4.53333,34.999,40.75,1.07589,979.59,48.3333,1.09915,-77777,-77777,-77777,-77777,44.07,979.61,,40.0566,,-68,
184,2021-09-01T18:24:10Z,AD00091,J0122,94,13.3368,1.9997,527.067,14.2402,20.1333,33.7344,40.93,1.07555,979.57,45.6667,1.09915,-77777,-77777,-77777,-77777,43.26,979.52,,40.832,,-68,
185,2021-09-01T18:04:10Z,AD00091,J0122,94,13.3411,1.99503,487.054,14.2106,5.46667,31.9375,41.86,1.07244,979.57,51.3167,1.09915,-77777,-77777,-77777,-77777,44.66,979.52,,40.2549,,-71,
186,2021-09-01T17:43:55Z,AD00091,J0122,95,13.3292,1.9994,446.533,14.3455,4.06667,36.2334,40.18,1.07763,979.44,52.3833,1.09915,-88888,-88888,-88888,-88888,43.32,979.32,,41.8164,,-76,
187,2021-09-01T17:24:10Z,AD00091,J0122,95,13.3379,2.00103,407.029,14.3565,3.93333,35.6045,39.23,1.08153,979.33,52.0333,1.12639,-77777,-77777,-77777,-77777,42.41,979.31,,40.3066,,-72,
188,2021-09-01T17:03:55Z,AD00091,J0122,96,13.3454,1.98949,366.532,14.2709,14.2667,36.1455,39.66,1.07978,979.46,44.0833,1.12639,-77777,-77777,-77777,-77777,44.93,979.3,,39.541,,-70,
189,2021-09-01T16:44:10Z,AD00091,J0122,96,13.3487,2.00209,327.068,14.1569,1.93333,40.291,38.77,1.08238,979.65,34.7833,1.12639,0.036109,0.081838,-99999,0.293172,45.18,979.34,,42.3018,,-74,
190,2021-09-01T16:24:11Z,AD00091,J0122,96,13.3487,2.00022,287.042,14.1723,1.73333,39.9482,38.05,1.08559,979.8,33.3333,1.15203,0.038992,0.079895,0.148453,0.283244,44.53,979.18,,41.8867,,-69,
191,2021-09-01T16:03:56Z,AD00091,J0122,97,13.3281,1.98899,246.544,14.1481,1.5,37.6572,38.95,1.08264,979.85,39.9,1.18426,-88888,-88888,-88888,-88888,43.23,979.27,,41.5518,,-68,
192,2021-09-01T15:43:56Z,AD00091,J0122,97,13.3357,2.00796,206.579,14.2238,1.6,39.8418,37.65,1.08732,979.85,34.7167,1.22991,-99999,-99999,-99999,-99999,42.07,979.55,,43.5586,,-73,
193,2021-09-01T15:24:11Z,AD00091,J0122,97,13.3303,2.00115,167.075,14.2216,1.33333,40.54,37.04,1.08956,979.79,32.7,1.28646,-99999,-99999,-99999,-99999,41.06,979.28,,42.6973,,-68,
194,2021-09-01T15:04:11Z,AD00091,J0122,98,13.3314,1.98416,127.104,14.2567,1.73333,41.8887,36.01,1.09298,979.38,34.7667,1.36043,0.02202,0.057076,0.100096,0.221256,39.35,978.95,,43.5957,,-68,
195,2021-09-01T14:43:56Z,AD00091,J0122,98,13.3141,2.01399,86.5964,14.2084,0.933333,41.9834,36.28,1.09183,979.37,35.2333,1.45643,-88888,-88888,-88888,-88888,38.2,978.96,,41.3711,,-68,
196,2021-09-01T14:24:11Z,AD00091,J0122,99,13.3141,2.00828,47.0994,14.3773,1.46667,44.7295,35.19,1.09543,979.17,35.5,1.57548,-88888,-88888,-88888,-88888,36.09,978.81,,41.375,,-69,
197,2021-09-01T14:03:56Z,AD00091,J0122,99,13.2968,2.01573,6.54901,14.272,1.6,40.7373,36.76,1.09004,979.26,34.6333,1.72421,-88888,-88888,-88888,-88888,33.54,978.88,,42.0078,,-70,
198,2021-09-01T14:00:37Z,AD00091,J0122,100,13.3314,0,0,14.2995,-11111,53.8604,32.72,1.10396,979.37,0,-11111,-11111,-11111,-11111,-11111,-11111,-11111,,-11111,,-86,
199,2021-09-01T13:55:51Z,AD00091,J0122,100,13.3314,0,0,0,-11111,0,0,0,0,0,-11111,-11111,-11111,-11111,-11111,-11111,-11111,,-11111,,-78,
